Model,Name,Link,Price $,Price UAH,Description,City,Img Link
Acura MDX 2019,Advance Package 3.5 AT (290 л.с.) SH-AWD,https://auto.ria.com/newauto/auto-acura-mdx-1835369.html,   120 000 $   ,3 287 964 грн, Бензин 3.5 л  • Автомат • Полный привод ,Жмеринка,https://cdn.riastatic.com/photosnewr/auto/new_auto_storage/acura_mdx__760722-341x224x70.jpg
Acura MDX 2019,Advance Package 3.5 AT (290 л.с.) SH-AWD,https://auto.ria.com/newauto/auto-acura-mdx-1835368.html,   1 100 000 $   ,30 139 670 грн, Бензин 3.5 л  • Автомат • Полный привод ,Жмеринка,https://cdn.riastatic.com/photosnewr/auto/new_auto_storage/acura_mdx__760713-341x224x70.jpg
Acura RDX 2020,Advance Package 2.0 i-VTEC АТ (272 л.с.) AWD,https://auto.ria.com/newauto/auto-acura-rdx-1819201.html,   76 500 $   ,2 096 414 грн, Бензин 2.0 л  • Автомат • Полный привод ,Киев,https://cdn.riastatic.com/photosnewr/auto/new_auto_storage/acura_rdx__685740-341x224x70.jpg
Acura RDX 2020,Technology Package 2.0 i-VTEC АТ (272 л.с.) AWD,https://auto.ria.com/newauto/auto-acura-rdx-1821957.html,   58 900 $   ,1 614 102 грн, Бензин 2.0 л  • Автомат • Полный привод ,Киев,https://cdn.riastatic.com/photosnewr/auto/new_auto_storage/acura_rdx__705490-341x224x70.jpg
Acura MDX 2020,Techno Package 3.0 AT (321 л.с.) Sport Hybrid SH-AWD Advance,https://auto.ria.com/newauto/auto-acura-mdx-959352.html,   77 700 $   ,2 129 299 грн, Бензин/Электричество 3.0 л  • Роботизированная • Полный привод ,Киев,https://cdn.riastatic.com/photosnewr/auto/new_auto_storage/acura_mdx__705646-341x224x70.jpg
Acura MDX 2019,Advance Package 3.5 AT (290 л.с.) SH-AWD,https://auto.ria.com/newauto/auto-acura-mdx-1835367.html,   120 000 $   ,3 281 748 грн, Бензин 3.5 л  • Автомат • Полный привод ,Жмеринка,https://cdn.riastatic.com/photosnewr/auto/new_auto_storage/acura_mdx__760720-341x224x70.jpg
Acura MDX 2019,Advance Package 3.5 AT (290 л.с.) SH-AWD,https://auto.ria.com/newauto/auto-acura-mdx-1835370.html,   120 000 $   ,3 281 748 грн, Бензин 3.5 л  • Автомат • Полный привод ,Жмеринка,https://cdn.riastatic.com/photosnewr/auto/new_auto_storage/acura_mdx__760698-341x224x70.jpg
Acura MDX 2019,Advance Package 3.5 AT (290 л.с.) SH-AWD,https://auto.ria.com/newauto/auto-acura-mdx-1835372.html,   120 000 $   ,3 281 748 грн, Бензин 3.5 л  • Автомат • Полный привод ,Жмеринка,https://cdn.riastatic.com/photosnewr/auto/new_auto_storage/acura_mdx__760698-341x224x70.jpg
Acura MDX 2020,Advance Package 3.5 AT (290 л.с.) SH-AWD,https://auto.ria.com/newauto/auto-acura-mdx-1835524.html,   129 896 $   ,3 551 616 грн, Бензин 3.5 л  • Автомат • Полный привод ,Жмеринка,https://cdn.riastatic.com/photosnewr/auto/new_auto_storage/acura_mdx__760719-341x224x70.jpg
Acura MDX 2019,Advance Package 3.5 AT (290 л.с.) SH-AWD,https://auto.ria.com/newauto/auto-acura-mdx-1835342.html,   150 000 $   ,4 102 185 грн, Бензин 3.5 л  • Автомат • Полный привод ,Жмеринка,https://cdn.riastatic.com/photosnewr/auto/new_auto_storage/acura_mdx__760721-341x224x70.jpg
